<?xml version="1.0" encoding="UTF-8"?>

<mule xmlns:tracking="http://www.mulesoft.org/schema/mule/ee/tracking" xmlns:ajax="http://www.mulesoft.org/schema/mule/ajax"
	xmlns:metadata="http://www.mulesoft.org/schema/mule/metadata"
	xmlns:json="http://www.mulesoft.org/schema/mule/json" xmlns:dw="http://www.mulesoft.org/schema/mule/ee/dw"
	xmlns:ws="http://www.mulesoft.org/schema/mule/ws" xmlns:db="http://www.mulesoft.org/schema/mule/db"
	xmlns:http="http://www.mulesoft.org/schema/mule/http" xmlns="http://www.mulesoft.org/schema/mule/core"
	xmlns:doc="http://www.mulesoft.org/schema/mule/documentation"
	xmlns:spring="http://www.springframework.org/schema/beans" xmlns:xsi="http://www.w3.org/2001/XMLSchema-instance"
	xsi:schemaLocation="http://www.mulesoft.org/schema/mule/db http://www.mulesoft.org/schema/mule/db/current/mule-db.xsd
http://www.mulesoft.org/schema/mule/http http://www.mulesoft.org/schema/mule/http/current/mule-http.xsd
http://www.springframework.org/schema/beans http://www.springframework.org/schema/beans/spring-beans-current.xsd
http://www.mulesoft.org/schema/mule/core http://www.mulesoft.org/schema/mule/core/current/mule.xsd
http://www.mulesoft.org/schema/mule/ws http://www.mulesoft.org/schema/mule/ws/current/mule-ws.xsd
http://www.mulesoft.org/schema/mule/json http://www.mulesoft.org/schema/mule/json/current/mule-json.xsd
http://www.mulesoft.org/schema/mule/ajax http://www.mulesoft.org/schema/mule/ajax/current/mule-ajax.xsd
http://www.mulesoft.org/schema/mule/ee/tracking http://www.mulesoft.org/schema/mule/ee/tracking/current/mule-tracking-ee.xsd">
	<http:listener-config name="HTTP_Listener_Configuration"
		host="0.0.0.0" port="7070" doc:name="HTTP Listener Configuration" />
	<ws:consumer-config name="Web_Service_Consumer"
		wsdlLocation="studentDetailsWsdl.wsdl" service="StudentDetailsPortService"
		port="StudentDetailsPortSoap11" serviceAddress="http://${GRDF2C618080_HOST}:${GRDF2C618080_PORT}/service/student-details"
		doc:name="Web Service Consumer" />
    <http:request-config name="Proxy_HTTP_Request_Configuration" host="${GR3842F38088_HOST}" port="${GR3842F38088_PORT}" doc:name="HTTP Request Configuration"/>
	<flow name="WebServiceProxyFlow">
		<http:listener config-ref="HTTP_Listener_Configuration"
			path="proxy/ws/student-details" allowedMethods="Get" doc:name="HTTP" />
		<logger
			message="REST PROXY RECEIVED: name=#[message.inboundProperties.'http.query.params'.name]"
			level="INFO" doc:name="Logger" />
		<parse-template location="studentRequest.txt" doc:name="Parse Template" />
		<ws:consumer config-ref="Web_Service_Consumer" operation="StudentDetails"
			doc:name="Web Service Consumer">

		</ws:consumer>
		<json:xml-to-json-transformer doc:name="XML to JSON" />
	</flow>
    <flow name="MicroServiceNewsProxyFlow">
        <http:listener config-ref="HTTP_Listener_Configuration" path="/proxy/micro/news" doc:name="HTTP" allowedMethods="Get"/>
        <http:request config-ref="Proxy_HTTP_Request_Configuration" path="/query" method="GET" doc:name="HTTP">
            <http:request-builder>
                <http:query-param paramName="url" value="newinfos/api/newinfos"/>
            </http:request-builder>
        </http:request>
        <logger message="RECEIVE: #[payload]" level="INFO" doc:name="Logger"/>
    </flow>
    <flow name="MicroServiceUsersProxyFlow">
        <http:listener config-ref="HTTP_Listener_Configuration" path="/proxy/micro/persons" allowedMethods="Get" doc:name="HTTP"/>
        <http:request config-ref="Proxy_HTTP_Request_Configuration" path="/query" method="GET" doc:name="HTTP">
            <http:request-builder>
                <http:query-param paramName="url" value="persons/api/persons"/>
            </http:request-builder>
        </http:request>
        <logger message="RECEIVE: #[payload]" level="INFO" doc:name="Logger"/>
    </flow>

</mule>
